clip_id,audio_seconds,latency_ms,status,route,bytes,error
tts_000_alloy_p01.wav,21.7286875,3059.083938598633,200,-,352,
tts_001_alloy_p02.wav,19.595375,3671.2417602539062,200,-,319,
tts_002_alloy_p03.wav,17.547375,3541.7001247406006,200,-,329,
tts_003_alloy_p04.wav,20.15,3701.932191848755,200,-,339,
tts_004_alloy_p05.wav,14.155375,2971.3008403778076,200,-,273,
tts_005_alloy_p06.wav,20.7046875,3865.180015563965,200,-,324,
tts_006_alloy_p07.wav,23.2646875,4033.6995124816895,200,-,335,
tts_007_alloy_p08.wav,24.7046875,4071.0322856903076,200,-,299,
tts_008_alloy_p09.wav,18.475375,4071.561098098755,200,-,320,
tts_009_alloy_p10.wav,23.627375,4657.000303268433,200,-,351,
tts_010_alloy_p11.wav,17.643375,4597.851991653442,200,-,325,
tts_011_alloy_p12.wav,20.47,4927.340984344482,200,-,337,
tts_012_alloy_p13.wav,24.982,5330.909729003906,200,-,423,
tts_013_alloy_p14.wav,21.867375,4952.963352203369,200,-,364,
tts_014_alloy_p15.wav,23.542,5392.163276672363,200,-,374,
tts_015_alloy_p16.wav,20.0966875,5393.2530879974365,200,-,332,
tts_016_alloy_p17.wav,24.4166875,5542.224884033203,200,-,356,
tts_017_alloy_p18.wav,23.958,5584.750652313232,200,-,346,
tts_018_alloy_p19.wav,20.246,5585.961818695068,200,-,335,
tts_019_alloy_p20.wav,20.7046875,5843.46079826355,200,-,333,
tts_020_alloy_p21.wav,20.6086875,5968.608617782593,200,-,316,
tts_021_alloy_p22.wav,18.198,6020.209789276123,200,-,282,
tts_022_alloy_p23.wav,20.939375,6167.654514312744,200,-,274,
tts_023_alloy_p24.wav,18.0166875,6355.433702468872,200,-,307,
tts_024_alloy_p25.wav,21.963375,6803.893089294434,200,-,376,
tts_025_alloy_p26.wav,23.0726875,6930.248498916626,200,-,356,
tts_026_alloy_p27.wav,16.2886875,6661.656618118286,200,-,285,
tts_027_alloy_p28.wav,23.723375,7149.221181869507,200,-,320,
tts_028_alloy_p29.wav,17.686,6775.960683822632,200,-,287,
tts_029_alloy_p30.wav,22.102,7434.8084926605225,200,-,339,
tts_030_alloy_p31.wav,19.126,7597.660064697266,200,-,345,
tts_031_alloy_p32.wav,16.15,7525.556325912476,200,-,265,
tts_032_alloy_p33.wav,18.059375,7818.447828292847,200,-,292,
tts_033_alloy_p34.wav,18.71,8012.405157089233,200,-,314,
tts_034_alloy_p35.wav,19.874,7964.1852378845215,200,-,306,
tts_035_alloy_p36.wav,19.499375,8289.570331573486,200,-,307,
tts_036_alloy_p37.wav,20.331375,8654.176712036133,200,-,320,
tts_037_alloy_p38.wav,16.662,8325.79779624939,200,-,291,
tts_038_alloy_p39.wav,14.9446875,8356.937408447266,200,-,277,
tts_039_alloy_p40.wav,20.7046875,8405.933618545532,200,-,280,
tts_040_echo_p01.wav,20.523375,8537.208557128906,200,-,352,
tts_041_echo_p02.wav,17.643375,8976.354360580444,200,-,319,
tts_042_echo_p03.wav,21.91,8763.280391693115,200,-,328,
tts_043_echo_p04.wav,18.242,8738.070487976074,200,-,339,
tts_044_echo_p05.wav,13.6006875,8925.909519195557,200,-,275,
tts_045_echo_p06.wav,20.747375,9085.676431655884,200,-,323,
tts_046_echo_p07.wav,16.854,9157.474517822266,200,-,333,
tts_047_echo_p08.wav,17.3126875,9247.990369796753,200,-,299,
tts_048_echo_p09.wav,16.246,9569.733619689941,200,-,320,
tts_049_echo_p10.wav,21.035375,9823.538541793823,200,-,351,
tts_050_echo_p11.wav,16.898,9800.492525100708,200,-,325,
tts_051_echo_p12.wav,20.8006875,10170.012950897217,200,-,336,
tts_052_echo_p13.wav,25.302,10408.95938873291,200,-,392,
tts_053_echo_p14.wav,19.499375,10205.106973648071,200,-,363,
tts_054_echo_p15.wav,19.499375,10711.07792854309,200,-,375,
tts_055_echo_p16.wav,16.854,10675.341606140137,200,-,331,
tts_056_echo_p17.wav,20.843375,11018.469333648682,200,-,356,
tts_057_echo_p18.wav,18.059375,11018.464088439941,200,-,345,
tts_058_echo_p19.wav,21.314,10949.319839477539,200,-,335,
tts_059_echo_p20.wav,17.7286875,11353.787660598755,200,-,333,
tts_060_echo_p21.wav,16.203375,11353.776931762695,200,-,315,
tts_061_echo_p22.wav,14.486,11557.57761001587,200,-,281,
tts_062_echo_p23.wav,16.0646875,11638.604164123535,200,-,273,
tts_063_echo_p24.wav,19.499375,11995.55492401123,200,-,306,
tts_064_echo_p25.wav,18.8486875,12486.557245254517,200,-,376,
tts_065_echo_p26.wav,21.078,12643.552303314209,200,-,358,
tts_066_echo_p27.wav,14.902,12385.644912719727,200,-,285,
tts_067_echo_p28.wav,17.174,12718.713283538818,200,-,321,
tts_068_echo_p29.wav,14.21,12643.34487915039,200,-,287,
tts_069_echo_p30.wav,19.499375,13179.172277450562,200,-,339,
tts_070_echo_p31.wav,18.667375,13208.223819732666,200,-,345,
tts_071_echo_p32.wav,14.5286875,13084.696531295776,200,-,265,
tts_072_echo_p33.wav,16.994,13433.185815811157,200,-,292,
tts_073_echo_p34.wav,16.854,13567.410707473755,200,-,314,
tts_074_echo_p35.wav,15.275375,13502.993106842041,200,-,306,
tts_075_echo_p36.wav,15.9686875,13749.746084213257,200,-,306,
tts_076_echo_p37.wav,17.451375,14253.453254699707,200,-,320,
tts_077_echo_p38.wav,16.5766875,14143.249034881592,200,-,291,
tts_078_echo_p39.wav,15.499375,14288.679122924805,200,-,277,
tts_079_echo_p40.wav,15.65,14542.444467544556,200,-,281,
tts_080_fable_p01.wav,19.499375,14606.146335601807,200,-,352,
tts_081_fable_p02.wav,21.078,15095.81208229065,200,-,319,
tts_082_fable_p03.wav,21.91,15059.630155563354,200,-,329,
tts_083_fable_p04.wav,16.619375,15143.672466278076,200,-,339,
tts_084_fable_p05.wav,13.323375,15097.285985946655,200,-,275,
tts_085_fable_p06.wav,19.542,15415.35758972168,200,-,324,
tts_086_fable_p07.wav,19.915375,15473.200798034668,200,-,336,
tts_087_fable_p08.wav,18.198,15748.806238174438,200,-,301,
tts_088_fable_p09.wav,20.246,16029.01291847229,200,-,320,
tts_089_fable_p10.wav,20.8966875,16386.512994766235,200,-,351,
tts_090_fable_p11.wav,15.83,16357.208728790283,200,-,325,
tts_091_fable_p12.wav,19.595375,16783.199548721313,200,-,336,
tts_092_fable_p13.wav,24.7046875,16957.765817642212,200,-,392,
tts_093_fable_p14.wav,19.819375,16751.771688461304,200,-,364,
tts_094_fable_p15.wav,23.819375,17457.504272460938,200,-,374,
tts_095_fable_p16.wav,20.0966875,17374.488353729248,200,-,331,
tts_096_fable_p17.wav,27.435375,18413.496255874634,200,-,433,
tts_097_fable_p18.wav,18.987375,17634.915351867676,200,-,345,
tts_098_fable_p19.wav,18.806,17634.89007949829,200,-,335,
tts_099_fable_p20.wav,20.662,17836.33017539978,200,-,333,
tts_100_fable_p21.wav,17.366,17940.097093582153,200,-,315,
tts_101_fable_p22.wav,16.15,18109.933137893677,200,-,282,
tts_102_fable_p23.wav,16.342,18237.28919029236,200,-,273,
tts_103_fable_p24.wav,21.91,18534.48748588562,200,-,306,
tts_104_fable_p25.wav,21.314,18966.182231903076,200,-,376,
tts_105_fable_p26.wav,22.699375,19217.318296432495,200,-,356,
tts_106_fable_p27.wav,14.21,18734.73048210144,200,-,285,
tts_107_fable_p28.wav,18.155375,19252.877235412598,200,-,319,
tts_108_fable_p29.wav,14.763375,19164.68071937561,200,-,287,
tts_109_fable_p30.wav,18.059375,19834.10406112671,200,-,340,
tts_110_fable_p31.wav,19.915375,19839.39552307129,200,-,345,
tts_111_fable_p32.wav,22.614,19705.530881881714,200,-,265,
tts_112_fable_p33.wav,16.438,19877.0968914032,200,-,292,
tts_113_fable_p34.wav,20.0966875,20084.895849227905,200,-,314,
tts_114_fable_p35.wav,16.246,20083.2097530365,200,-,307,
tts_115_fable_p36.wav,15.65,20166.367053985596,200,-,306,
tts_116_fable_p37.wav,21.6326875,20703.454971313477,200,-,320,
tts_117_fable_p38.wav,18.0166875,20454.533338546753,200,-,291,
tts_118_fable_p39.wav,16.203375,20490.829706192017,200,-,277,
tts_119_fable_p40.wav,18.102,20564.04423713684,200,-,279,
tts_120_nova_p01.wav,19.083375,20790.839195251465,200,-,352,
tts_121_nova_p02.wav,19.874,21250.267028808594,200,-,320,
tts_122_nova_p03.wav,19.4566875,20982.7241897583,200,-,328,
tts_123_nova_p04.wav,18.614,21011.23809814453,200,-,339,
tts_124_nova_p05.wav,14.018,21099.753856658936,200,-,276,
tts_125_nova_p06.wav,18.8486875,21333.00232887268,200,-,326,
tts_126_nova_p07.wav,19.682,21299.354076385498,200,-,336,
tts_127_nova_p08.wav,20.011375,21364.017963409424,200,-,299,
tts_128_nova_p09.wav,20.15,21709.367990493774,200,-,321,
tts_129_nova_p10.wav,21.451375,21898.455142974854,200,-,351,
tts_130_nova_p11.wav,19.2646875,21817.36969947815,200,-,326,
tts_131_nova_p12.wav,19.915375,22211.071491241455,200,-,336,
tts_132_nova_p13.wav,24.651375,22374.62830543518,200,-,392,
tts_133_nova_p14.wav,22.838,22086.61651611328,200,-,364,
tts_134_nova_p15.wav,20.939375,22454.129695892334,200,-,373,
tts_135_nova_p16.wav,18.71,22618.564128875732,200,-,330,
tts_136_nova_p17.wav,21.122,22724.389791488647,200,-,356,
tts_137_nova_p18.wav,21.035375,22652.33302116394,200,-,345,
tts_138_nova_p19.wav,20.47,22721.834182739258,200,-,335,
tts_139_nova_p20.wav,18.475375,22859.35401916504,200,-,333,
tts_140_nova_p21.wav,19.819375,22914.135456085205,200,-,315,
tts_141_nova_p22.wav,16.15,23016.06798171997,200,-,282,
tts_142_nova_p23.wav,16.715375,23190.73987007141,200,-,274,
tts_143_nova_p24.wav,19.915375,23352.755546569824,200,-,306,
tts_144_nova_p25.wav,21.078,23734.203100204468,200,-,376,
tts_145_nova_p26.wav,19.915375,23779.69789505005,200,-,357,
tts_146_nova_p27.wav,16.994,23546.062231063843,200,-,285,
tts_147_nova_p28.wav,18.667375,23878.901481628418,200,-,320,
tts_148_nova_p29.wav,16.758,23733.97445678711,200,-,287,
tts_149_nova_p30.wav,20.8006875,24212.12649345398,200,-,339,
tts_150_nova_p31.wav,20.1926875,24332.221508026123,200,-,345,
tts_151_nova_p32.wav,21.174,24241.357564926147,200,-,265,
tts_152_nova_p33.wav,17.4086875,24462.80527114868,200,-,292,
tts_153_nova_p34.wav,20.8006875,24552.613496780396,200,-,314,
tts_154_nova_p35.wav,18.667375,24494.10104751587,200,-,305,
tts_155_nova_p36.wav,16.758,24756.20675086975,200,-,306,
tts_156_nova_p37.wav,18.806,25136.199951171875,200,-,320,
tts_157_nova_p38.wav,18.059375,24817.78645515442,200,-,291,
tts_158_nova_p39.wav,16.619375,25105.34119606018,200,-,277,
tts_159_nova_p40.wav,19.778,25229.970455169678,200,-,280,
tts_000_alloy_p01.wav,21.7286875,25348.34909439087,200,-,352,
tts_001_alloy_p02.wav,19.595375,25874.9258518219,200,-,319,
tts_002_alloy_p03.wav,17.547375,25790.67301750183,200,-,329,
tts_003_alloy_p04.wav,20.15,25690.283060073853,200,-,339,
tts_004_alloy_p05.wav,14.155375,25724.55334663391,200,-,273,
tts_005_alloy_p06.wav,20.7046875,25872.451782226562,200,-,324,
tts_006_alloy_p07.wav,23.2646875,26002.411603927612,200,-,335,
tts_007_alloy_p08.wav,24.7046875,26045.63808441162,200,-,299,
tts_008_alloy_p09.wav,18.475375,26325.831413269043,200,-,320,
tts_009_alloy_p10.wav,23.627375,26605.632066726685,200,-,351,
tts_010_alloy_p11.wav,17.643375,26415.50326347351,200,-,325,
tts_011_alloy_p12.wav,20.47,26888.054847717285,200,-,337,
tts_012_alloy_p13.wav,24.982,27188.652515411377,200,-,423,
tts_013_alloy_p14.wav,21.867375,26806.72836303711,200,-,364,
tts_014_alloy_p15.wav,23.542,27349.540948867798,200,-,374,
tts_015_alloy_p16.wav,20.0966875,27349.510669708252,200,-,332,
tts_016_alloy_p17.wav,24.4166875,27507.816314697266,200,-,356,
tts_017_alloy_p18.wav,23.958,27570.070505142212,200,-,346,
tts_018_alloy_p19.wav,20.246,27443.055391311646,200,-,335,
tts_019_alloy_p20.wav,20.7046875,27843.356370925903,200,-,333,
tts_020_alloy_p21.wav,20.6086875,27843.2035446167,200,-,316,
tts_021_alloy_p22.wav,18.198,27988.71922492981,200,-,282,
tts_022_alloy_p23.wav,20.939375,28183.181524276733,200,-,274,
tts_023_alloy_p24.wav,18.0166875,28422.285318374634,200,-,307,
tts_024_alloy_p25.wav,21.963375,28868.493795394897,200,-,376,
tts_025_alloy_p26.wav,23.0726875,29024.513006210327,200,-,356,
tts_026_alloy_p27.wav,16.2886875,28753.329277038574,200,-,285,
tts_027_alloy_p28.wav,23.723375,29158.77389907837,200,-,320,
tts_028_alloy_p29.wav,17.686,28834.311962127686,200,-,287,
tts_029_alloy_p30.wav,22.102,29542.46735572815,200,-,339,
tts_030_alloy_p31.wav,19.126,29542.34743118286,200,-,345,
tts_031_alloy_p32.wav,16.15,29377.941370010376,200,-,265,
tts_032_alloy_p33.wav,18.059375,29669.880390167236,200,-,292,
tts_033_alloy_p34.wav,18.71,29844.614267349243,200,-,314,
tts_034_alloy_p35.wav,19.874,29639.545679092407,200,-,306,
tts_035_alloy_p36.wav,19.499375,29954.849243164062,200,-,307,
tts_036_alloy_p37.wav,20.331375,30444.096326828003,200,-,320,
tts_037_alloy_p38.wav,16.662,30153.225660324097,200,-,291,
tts_038_alloy_p39.wav,14.9446875,30206.908464431763,200,-,277,
tts_039_alloy_p40.wav,20.7046875,30298.70080947876,200,-,280,
tts_040_echo_p01.wav,20.523375,30554.823637008667,200,-,352,
tts_041_echo_p02.wav,17.643375,31061.291456222534,200,-,319,
tts_042_echo_p03.wav,21.91,30875.837564468384,200,-,328,
tts_043_echo_p04.wav,18.242,30983.2501411438,200,-,339,
tts_044_echo_p05.wav,13.6006875,31018.79930496216,200,-,275,
tts_045_echo_p06.wav,20.747375,31218.06788444519,200,-,323,
tts_046_echo_p07.wav,16.854,31246.970415115356,200,-,333,
tts_047_echo_p08.wav,17.3126875,31346.17018699646,200,-,299,
tts_048_echo_p09.wav,16.246,31676.32031440735,200,-,320,
tts_049_echo_p10.wav,21.035375,31929.985523223877,200,-,351,
tts_050_echo_p11.wav,16.898,31870.903491973877,200,-,325,
tts_051_echo_p12.wav,20.8006875,32325.43444633484,200,-,336,
tts_052_echo_p13.wav,25.302,32471.784830093384,200,-,392,
tts_053_echo_p14.wav,19.499375,32268.627643585205,200,-,363,
tts_054_echo_p15.wav,19.499375,32829.439640045166,200,-,375,
tts_055_echo_p16.wav,16.854,32776.094913482666,200,-,331,
tts_056_echo_p17.wav,20.843375,32975.8939743042,200,-,356,
tts_057_echo_p18.wav,18.059375,32892.966747283936,200,-,345,
tts_058_echo_p19.wav,21.314,32892.84610748291,200,-,335,
tts_059_echo_p20.wav,17.7286875,33159.59858894348,200,-,333,
tts_060_echo_p21.wav,16.203375,33111.45091056824,200,-,315,
tts_061_echo_p22.wav,14.486,33113.06190490723,200,-,281,
tts_062_echo_p23.wav,16.0646875,33389.15729522705,200,-,273,
tts_063_echo_p24.wav,19.499375,33636.39760017395,200,-,306,
tts_064_echo_p25.wav,18.8486875,34000.558376312256,200,-,376,
tts_065_echo_p26.wav,21.078,34210.272550582886,200,-,358,
tts_066_echo_p27.wav,14.902,33806.88834190369,200,-,285,
tts_067_echo_p28.wav,17.174,34244.34566497803,200,-,321,
tts_068_echo_p29.wav,14.21,34031.31699562073,200,-,287,
tts_069_echo_p30.wav,19.499375,34575.08969306946,200,-,339,
tts_070_echo_p31.wav,18.667375,34694.212198257446,200,-,345,
tts_071_echo_p32.wav,14.5286875,34494.240045547485,200,-,265,
tts_072_echo_p33.wav,16.994,34805.93729019165,200,-,292,
tts_073_echo_p34.wav,16.854,34963.97352218628,200,-,314,
tts_074_echo_p35.wav,15.275375,34923.15888404846,200,-,306,
tts_075_echo_p36.wav,15.9686875,35084.76638793945,200,-,306,
tts_076_echo_p37.wav,17.451375,35551.4132976532,200,-,320,
tts_077_echo_p38.wav,16.5766875,35264.24813270569,200,-,291,
tts_078_echo_p39.wav,15.499375,35298.79665374756,200,-,277,
tts_079_echo_p40.wav,15.65,35501.819133758545,200,-,281,
tts_080_fable_p01.wav,19.499375,35614.893674850464,200,-,352,
tts_081_fable_p02.wav,21.078,36067.55018234253,200,-,319,
tts_082_fable_p03.wav,21.91,35965.04998207092,200,-,329,
tts_083_fable_p04.wav,16.619375,35998.16560745239,200,-,339,
tts_084_fable_p05.wav,13.323375,36067.29197502136,200,-,275,
tts_085_fable_p06.wav,19.542,36287.078857421875,200,-,324,
tts_086_fable_p07.wav,19.915375,36320.29414176941,200,-,336,
tts_087_fable_p08.wav,18.198,36412.79101371765,200,-,301,
tts_088_fable_p09.wav,20.246,36722.51105308533,200,-,320,
tts_089_fable_p10.wav,20.8966875,36893.07117462158,200,-,351,
tts_090_fable_p11.wav,15.83,36892.99011230469,200,-,325,
tts_091_fable_p12.wav,19.595375,37046.852111816406,200,-,336,
tts_092_fable_p13.wav,24.7046875,37070.30701637268,200,-,392,
tts_093_fable_p14.wav,19.819375,37018.18251609802,200,-,364,
tts_094_fable_p15.wav,23.819375,37125.27561187744,200,-,374,
tts_095_fable_p16.wav,20.0966875,37105.69167137146,200,-,331,
tts_096_fable_p17.wav,27.435375,37387.87126541138,200,-,433,
tts_097_fable_p18.wav,18.987375,37170.40205001831,200,-,345,
tts_098_fable_p19.wav,18.806,37148.04530143738,200,-,335,
tts_099_fable_p20.wav,20.662,37198.17614555359,200,-,333,
tts_100_fable_p21.wav,17.366,37200.08397102356,200,-,315,
tts_101_fable_p22.wav,16.15,37202.02732086182,200,-,282,
tts_102_fable_p23.wav,16.342,37283.705711364746,200,-,273,
tts_103_fable_p24.wav,21.91,37314.95904922485,200,-,306,
tts_104_fable_p25.wav,21.314,37457.28611946106,200,-,376,
tts_105_fable_p26.wav,22.699375,37507.50803947449,200,-,356,
tts_106_fable_p27.wav,14.21,37342.448472976685,200,-,285,
tts_107_fable_p28.wav,18.155375,37415.2512550354,200,-,319,
tts_108_fable_p29.wav,14.763375,37364.40563201904,200,-,287,
tts_109_fable_p30.wav,18.059375,37669.440507888794,200,-,340,
tts_110_fable_p31.wav,19.915375,37621.69814109802,200,-,345,
tts_111_fable_p32.wav,22.614,37434.43179130554,200,-,265,
tts_112_fable_p33.wav,16.438,37509.379625320435,200,-,292,
tts_113_fable_p34.wav,20.0966875,37565.59228897095,200,-,314,
tts_114_fable_p35.wav,16.246,37480.332374572754,200,-,307,
tts_115_fable_p36.wav,15.65,37511.45792007446,200,-,306,
tts_116_fable_p37.wav,21.6326875,37839.47229385376,200,-,320,
tts_117_fable_p38.wav,18.0166875,37513.66448402405,200,-,291,
tts_118_fable_p39.wav,16.203375,37567.729473114014,200,-,277,
tts_119_fable_p40.wav,18.102,37599.16067123413,200,-,279,
tts_120_nova_p01.wav,19.083375,37666.138887405396,200,-,352,
tts_121_nova_p02.wav,19.874,37886.79003715515,200,-,320,
tts_122_nova_p03.wav,19.4566875,37760.544538497925,200,-,328,
tts_123_nova_p04.wav,18.614,37717.183113098145,200,-,339,
tts_124_nova_p05.wav,14.018,37798.903703689575,200,-,276,
tts_125_nova_p06.wav,18.8486875,37867.36059188843,200,-,326,
tts_126_nova_p07.wav,19.682,37933.50648880005,200,-,336,
tts_127_nova_p08.wav,20.011375,37910.17723083496,200,-,299,
tts_128_nova_p09.wav,20.15,37964.92123603821,200,-,321,
tts_129_nova_p10.wav,21.451375,37995.03493309021,200,-,351,
tts_130_nova_p11.wav,19.2646875,38014.111042022705,200,-,326,
tts_131_nova_p12.wav,19.915375,38064.37587738037,200,-,336,
tts_132_nova_p13.wav,24.651375,38089.41173553467,200,-,392,
tts_133_nova_p14.wav,22.838,38040.90714454651,200,-,364,
tts_134_nova_p15.wav,20.939375,38128.111600875854,200,-,373,
tts_135_nova_p16.wav,18.71,38162.8155708313,200,-,330,
tts_136_nova_p17.wav,21.122,38270.30324935913,200,-,356,
tts_137_nova_p18.wav,21.035375,38159.730195999146,200,-,345,
tts_138_nova_p19.wav,20.47,38127.79784202576,200,-,335,
tts_139_nova_p20.wav,18.475375,38267.06027984619,200,-,333,
tts_140_nova_p21.wav,19.819375,38197.598934173584,200,-,315,
tts_141_nova_p22.wav,16.15,38194.39482688904,200,-,282,
tts_142_nova_p23.wav,16.715375,38322.651863098145,200,-,274,
tts_143_nova_p24.wav,19.915375,38368.66736412048,200,-,306,
tts_144_nova_p25.wav,21.078,38539.23439979553,200,-,376,
tts_145_nova_p26.wav,19.915375,38528.74207496643,200,-,357,
tts_146_nova_p27.wav,16.994,38361.88244819641,200,-,285,
tts_147_nova_p28.wav,18.667375,38447.60751724243,200,-,320,
tts_148_nova_p29.wav,16.758,38365.17381668091,200,-,287,
tts_149_nova_p30.wav,20.8006875,38631.147146224976,200,-,339,
tts_150_nova_p31.wav,20.1926875,38638.13591003418,200,-,345,
tts_151_nova_p32.wav,21.174,38472.59521484375,200,-,265,
tts_152_nova_p33.wav,17.4086875,38535.35032272339,200,-,292,
tts_153_nova_p34.wav,20.8006875,38590.39831161499,200,-,314,
tts_154_nova_p35.wav,18.667375,38469.115018844604,200,-,305,
tts_155_nova_p36.wav,16.758,38531.792879104614,200,-,306,
tts_156_nova_p37.wav,18.806,38798.87390136719,200,-,320,
tts_157_nova_p38.wav,18.059375,38637.659549713135,200,-,291,
tts_158_nova_p39.wav,16.619375,38710.62135696411,200,-,277,
tts_159_nova_p40.wav,19.778,38769.43135261536,200,-,280,
tts_000_alloy_p01.wav,21.7286875,38821.28024101257,200,-,352,
tts_001_alloy_p02.wav,19.595375,38947.55840301514,200,-,319,
tts_002_alloy_p03.wav,17.547375,38895.25485038757,200,-,329,
tts_003_alloy_p04.wav,20.15,38850.690603256226,200,-,339,
tts_004_alloy_p05.wav,14.155375,38873.0742931366,200,-,273,
tts_005_alloy_p06.wav,20.7046875,38923.389196395874,200,-,324,
tts_006_alloy_p07.wav,23.2646875,38999.87864494324,200,-,335,
tts_007_alloy_p08.wav,24.7046875,38977.816581726074,200,-,299,
tts_008_alloy_p09.wav,18.475375,39027.39667892456,200,-,320,
tts_009_alloy_p10.wav,23.627375,39111.56988143921,200,-,351,
tts_010_alloy_p11.wav,17.643375,39031.118392944336,200,-,325,
tts_011_alloy_p12.wav,20.47,39137.160539627075,200,-,337,
tts_012_alloy_p13.wav,24.982,39353.94906997681,200,-,423,
tts_013_alloy_p14.wav,21.867375,39081.99644088745,200,-,364,
tts_014_alloy_p15.wav,23.542,39267.01354980469,200,-,374,
tts_015_alloy_p16.wav,20.0966875,39222.15032577515,200,-,332,
tts_016_alloy_p17.wav,24.4166875,39271.04139328003,200,-,356,
tts_017_alloy_p18.wav,23.958,39177.618980407715,200,-,346,
tts_018_alloy_p19.wav,20.246,39155.27033805847,200,-,335,
tts_019_alloy_p20.wav,20.7046875,39245.10836601257,200,-,333,
tts_020_alloy_p21.wav,20.6086875,39200.78110694885,200,-,316,
tts_021_alloy_p22.wav,18.198,39274.86562728882,200,-,282,
tts_022_alloy_p23.wav,20.939375,39331.39085769653,200,-,274,
tts_023_alloy_p24.wav,18.0166875,39438.04907798767,200,-,307,
tts_024_alloy_p25.wav,21.963375,39517.709493637085,200,-,376,
tts_025_alloy_p26.wav,23.0726875,39490.678548812866,200,-,356,
tts_026_alloy_p27.wav,16.2886875,39415.30227661133,200,-,285,
tts_027_alloy_p28.wav,23.723375,39463.94896507263,200,-,320,
tts_028_alloy_p29.wav,17.686,39393.1725025177,200,-,287,
tts_029_alloy_p30.wav,22.102,39574.100732803345,200,-,339,
tts_030_alloy_p31.wav,19.126,39574.06210899353,200,-,345,
tts_031_alloy_p32.wav,16.15,39512.627601623535,200,-,265,
tts_032_alloy_p33.wav,18.059375,39625.521659851074,200,-,292,
tts_033_alloy_p34.wav,18.71,39680.41634559631,200,-,314,
tts_034_alloy_p35.wav,19.874,39648.23508262634,200,-,306,
tts_035_alloy_p36.wav,19.499375,39684.87358093262,200,-,307,
tts_036_alloy_p37.wav,20.331375,39808.375120162964,200,-,320,
tts_037_alloy_p38.wav,16.662,39731.81962966919,200,-,291,
tts_038_alloy_p39.wav,14.9446875,39762.309074401855,200,-,277,
tts_039_alloy_p40.wav,20.7046875,39784.175395965576,200,-,280,
tts_040_echo_p01.wav,20.523375,39836.87162399292,200,-,352,
tts_041_echo_p02.wav,17.643375,40018.62621307373,200,-,319,
tts_042_echo_p03.wav,21.91,39865.068435668945,200,-,328,
tts_043_echo_p04.wav,18.242,39869.75622177124,200,-,339,
tts_044_echo_p05.wav,13.6006875,39898.10109138489,200,-,275,
tts_045_echo_p06.wav,20.747375,39971.35853767395,200,-,323,
tts_046_echo_p07.wav,16.854,39930.45425415039,200,-,333,
tts_047_echo_p08.wav,17.3126875,39904.202461242676,200,-,299,
tts_048_echo_p09.wav,16.246,40039.08395767212,200,-,320,
tts_049_echo_p10.wav,21.035375,40106.41884803772,200,-,351,
tts_050_echo_p11.wav,16.898,40059.36670303345,200,-,325,
tts_051_echo_p12.wav,20.8006875,40138.39602470398,200,-,336,
tts_052_echo_p13.wav,25.302,40187.6003742218,200,-,392,
tts_053_echo_p14.wav,19.499375,40080.88684082031,200,-,363,
tts_054_echo_p15.wav,19.499375,40306.51760101318,200,-,375,
tts_055_echo_p16.wav,16.854,40194.01693344116,200,-,331,
tts_056_echo_p17.wav,20.843375,40243.836879730225,200,-,356,
tts_057_echo_p18.wav,18.059375,40131.563901901245,200,-,345,
tts_058_echo_p19.wav,21.314,40164.567708969116,200,-,335,
tts_059_echo_p20.wav,17.7286875,40350.08955001831,200,-,333,
tts_060_echo_p21.wav,16.203375,40284.414529800415,200,-,315,
tts_061_echo_p22.wav,14.486,40261.80934906006,200,-,281,
tts_062_echo_p23.wav,16.0646875,40328.06134223938,200,-,273,
tts_063_echo_p24.wav,19.499375,40395.8842754364,200,-,306,
tts_064_echo_p25.wav,18.8486875,40474.08866882324,200,-,376,
tts_065_echo_p26.wav,21.078,40518.46170425415,200,-,358,
tts_066_echo_p27.wav,14.902,40424.999952316284,200,-,285,
tts_067_echo_p28.wav,17.174,40495.36943435669,200,-,321,
tts_068_echo_p29.wav,14.21,40448.373556137085,200,-,287,
tts_069_echo_p30.wav,19.499375,40577.67605781555,200,-,339,
tts_070_echo_p31.wav,18.667375,40584.813356399536,200,-,345,
tts_071_echo_p32.wav,14.5286875,40550.63080787659,200,-,265,
tts_072_echo_p33.wav,16.994,40630.06114959717,200,-,292,
tts_073_echo_p34.wav,16.854,40719.37394142151,200,-,314,
tts_074_echo_p35.wav,15.275375,40636.99984550476,200,-,306,
tts_075_echo_p36.wav,15.9686875,40684.67688560486,200,-,306,
tts_076_echo_p37.wav,17.451375,40864.1254901886,200,-,320,
tts_077_echo_p38.wav,16.5766875,40691.85948371887,200,-,291,
tts_078_echo_p39.wav,15.499375,40726.19295120239,200,-,277,
tts_079_echo_p40.wav,15.65,40796.66709899902,200,-,281,
tts_080_fable_p01.wav,19.499375,40814.89300727844,200,-,352,
tts_081_fable_p02.wav,21.078,41012.39228248596,200,-,319,
tts_082_fable_p03.wav,21.91,40871.36244773865,200,-,329,
tts_083_fable_p04.wav,16.619375,40842.43035316467,200,-,339,
tts_084_fable_p05.wav,13.323375,40898.71859550476,200,-,275,
tts_085_fable_p06.wav,19.542,40992.15745925903,200,-,324,
tts_086_fable_p07.wav,19.915375,40950.39772987366,200,-,336,
tts_087_fable_p08.wav,18.198,40942.44694709778,200,-,301,
tts_088_fable_p09.wav,20.246,41036.08751296997,200,-,320,
tts_089_fable_p10.wav,20.8966875,41107.82337188721,200,-,351,
tts_090_fable_p11.wav,15.83,41057.50608444214,200,-,325,
tts_091_fable_p12.wav,19.595375,41132.121562957764,200,-,336,
tts_092_fable_p13.wav,24.7046875,41155.675172805786,200,-,392,
tts_093_fable_p14.wav,19.819375,41083.40930938721,200,-,364,
tts_094_fable_p15.wav,23.819375,41203.56822013855,200,-,374,
tts_095_fable_p16.wav,20.0966875,41178.66110801697,200,-,331,
tts_096_fable_p17.wav,27.435375,41480.5326461792,200,-,433,
tts_097_fable_p18.wav,18.987375,41248.14295768738,200,-,345,
tts_098_fable_p19.wav,18.806,41228.341579437256,200,-,335,
tts_099_fable_p20.wav,20.662,41301.94401741028,200,-,333,
tts_100_fable_p21.wav,17.366,41254.19878959656,200,-,315,
tts_101_fable_p22.wav,16.15,41327.736377716064,200,-,282,
tts_102_fable_p23.wav,16.342,41354.96258735657,200,-,273,
tts_103_fable_p24.wav,21.91,41381.59680366516,200,-,306,
tts_104_fable_p25.wav,21.314,41525.861978530884,200,-,376,
tts_105_fable_p26.wav,22.699375,41548.97093772888,200,-,356,
tts_106_fable_p27.wav,14.21,41402.96983718872,200,-,285,
tts_107_fable_p28.wav,18.155375,41458.866596221924,200,-,319,
tts_108_fable_p29.wav,14.763375,41428.60388755798,200,-,287,
tts_109_fable_p30.wav,18.059375,41607.176303863525,200,-,340,
tts_110_fable_p31.wav,19.915375,41598.469734191895,200,-,345,
tts_111_fable_p32.wav,22.614,41505.29670715332,200,-,265,
tts_112_fable_p33.wav,16.438,41637.160778045654,200,-,292,
tts_113_fable_p34.wav,20.0966875,41678.38740348816,200,-,314,
tts_114_fable_p35.wav,16.246,41571.87533378601,200,-,307,
tts_115_fable_p36.wav,15.65,41643.65243911743,200,-,306,
tts_116_fable_p37.wav,21.6326875,41854.83646392822,200,-,320,
tts_117_fable_p38.wav,18.0166875,41630.10025024414,200,-,291,
tts_118_fable_p39.wav,16.203375,41686.97476387024,200,-,277,
tts_119_fable_p40.wav,18.102,41728.66439819336,200,-,279,
tts_120_nova_p01.wav,19.083375,41806.8733215332,200,-,352,
tts_121_nova_p02.wav,19.874,41986.62257194519,200,-,320,
tts_122_nova_p03.wav,19.4566875,41861.4022731781,200,-,328,
tts_123_nova_p04.wav,18.614,41831.597328186035,200,-,339,
tts_124_nova_p05.wav,14.018,41906.699895858765,200,-,276,
tts_125_nova_p06.wav,18.8486875,41979.34651374817,200,-,326,
tts_126_nova_p07.wav,19.682,41951.66611671448,200,-,336,
tts_127_nova_p08.wav,20.011375,41929.90493774414,200,-,299,
tts_128_nova_p09.wav,20.15,42037.10103034973,200,-,321,
tts_129_nova_p10.wav,21.451375,42084.503173828125,200,-,351,
tts_130_nova_p11.wav,19.2646875,42059.37218666077,200,-,326,
tts_131_nova_p12.wav,19.915375,42110.511302948,200,-,336,
tts_132_nova_p13.wav,24.651375,42159.47675704956,200,-,392,
tts_133_nova_p14.wav,22.838,42133.72015953064,200,-,364,
tts_134_nova_p15.wav,20.939375,42234.58814620972,200,-,373,
tts_135_nova_p16.wav,18.71,42189.16153907776,200,-,330,
tts_136_nova_p17.wav,21.122,42299.43108558655,200,-,356,
tts_137_nova_p18.wav,21.035375,42264.30678367615,200,-,345,
tts_138_nova_p19.wav,20.47,42212.81290054321,200,-,335,
tts_139_nova_p20.wav,18.475375,42344.48194503784,200,-,333,
tts_140_nova_p21.wav,19.819375,42257.18402862549,200,-,315,
tts_141_nova_p22.wav,16.15,42299.073457717896,200,-,282,
tts_142_nova_p23.wav,16.715375,42388.689279556274,200,-,274,
tts_143_nova_p24.wav,19.915375,42432.95645713806,200,-,306,
tts_144_nova_p25.wav,21.078,42581.13622665405,200,-,376,
tts_145_nova_p26.wav,19.915375,42581.018686294556,200,-,357,
tts_146_nova_p27.wav,16.994,42432.751417160034,200,-,285,
tts_147_nova_p28.wav,18.667375,42499.40228462219,200,-,320,
tts_148_nova_p29.wav,16.758,42432.57665634155,200,-,287,
tts_149_nova_p30.wav,20.8006875,42631.07705116272,200,-,339,
tts_150_nova_p31.wav,20.1926875,42631.033420562744,200,-,345,
tts_151_nova_p32.wav,21.174,42519.795417785645,200,-,265,
tts_152_nova_p33.wav,17.4086875,42667.50192642212,200,-,292,
tts_153_nova_p34.wav,20.8006875,42698.326587677,200,-,314,
tts_154_nova_p35.wav,18.667375,42545.71771621704,200,-,305,
tts_155_nova_p36.wav,16.758,42667.285203933716,200,-,306,
tts_156_nova_p37.wav,18.806,42850.43430328369,200,-,320,
tts_157_nova_p38.wav,18.059375,42704.99849319458,200,-,291,
tts_158_nova_p39.wav,16.619375,42770.56813240051,200,-,277,
tts_159_nova_p40.wav,19.778,42813.96961212158,200,-,280,
tts_000_alloy_p01.wav,21.7286875,42850.13031959534,200,-,352,
tts_001_alloy_p02.wav,19.595375,42974.358558654785,200,-,319,
tts_002_alloy_p03.wav,17.547375,42916.648387908936,200,-,329,
tts_003_alloy_p04.wav,20.15,42925.16779899597,200,-,339,
tts_004_alloy_p05.wav,14.155375,42894.26851272583,200,-,273,
tts_005_alloy_p06.wav,20.7046875,42994.189500808716,200,-,324,
tts_006_alloy_p07.wav,23.2646875,43021.113872528076,200,-,335,
tts_007_alloy_p08.wav,24.7046875,43046.4448928833,200,-,299,
tts_008_alloy_p09.wav,18.475375,43074.62477684021,200,-,320,
tts_009_alloy_p10.wav,23.627375,43146.24357223511,200,-,351,
tts_010_alloy_p11.wav,17.643375,43096.56071662903,200,-,325,
tts_011_alloy_p12.wav,20.47,43168.76196861267,200,-,337,
tts_012_alloy_p13.wav,24.982,43329.41126823425,200,-,423,
tts_013_alloy_p14.wav,21.867375,43118.47710609436,200,-,364,
tts_014_alloy_p15.wav,23.542,43239.158391952515,200,-,374,
tts_015_alloy_p16.wav,20.0966875,43247.638463974,200,-,332,
tts_016_alloy_p17.wav,24.4166875,43329.177379608154,200,-,356,
tts_017_alloy_p18.wav,23.958,43215.04616737366,200,-,346,
tts_018_alloy_p19.wav,20.246,43194.3736076355,200,-,335,
tts_019_alloy_p20.wav,20.7046875,43303.59172821045,200,-,333,
tts_020_alloy_p21.wav,20.6086875,43320.350646972656,200,-,316,
tts_021_alloy_p22.wav,18.198,43328.843116760254,200,-,282,
tts_022_alloy_p23.wav,20.939375,43379.448890686035,200,-,274,
tts_023_alloy_p24.wav,18.0166875,43492.11120605469,200,-,307,
tts_024_alloy_p25.wav,21.963375,43585.81018447876,200,-,376,
tts_025_alloy_p26.wav,23.0726875,43563.33923339844,200,-,356,
tts_026_alloy_p27.wav,16.2886875,43471.45390510559,200,-,285,
tts_027_alloy_p28.wav,23.723375,43535.96544265747,200,-,320,
tts_028_alloy_p29.wav,17.686,43471.24171257019,200,-,287,
tts_029_alloy_p30.wav,22.102,43638.994216918945,200,-,339,
tts_030_alloy_p31.wav,19.126,43639.00136947632,200,-,345,
tts_031_alloy_p32.wav,16.15,43607.29217529297,200,-,265,
tts_032_alloy_p33.wav,18.059375,43686.16032600403,200,-,292,
tts_033_alloy_p34.wav,18.71,43735.24570465088,200,-,314,
tts_034_alloy_p35.wav,19.874,43706.95400238037,200,-,306,
tts_035_alloy_p36.wav,19.499375,43756.78586959839,200,-,307,
tts_036_alloy_p37.wav,20.331375,43856.218576431274,200,-,320,
tts_037_alloy_p38.wav,16.662,43779.71005439758,200,-,291,
tts_038_alloy_p39.wav,14.9446875,43806.74600601196,200,-,277,
tts_039_alloy_p40.wav,20.7046875,43826.96294784546,200,-,280,
tts_040_echo_p01.wav,20.523375,43879.650592803955,200,-,352,
tts_041_echo_p02.wav,17.643375,44050.655126571655,200,-,319,
tts_042_echo_p03.wav,21.91,43927.489042282104,200,-,328,
tts_043_echo_p04.wav,18.242,43907.076597213745,200,-,339,
tts_044_echo_p05.wav,13.6006875,43949.275732040405,200,-,275,
tts_045_echo_p06.wav,20.747375,44027.76503562927,200,-,323,
tts_046_echo_p07.wav,16.854,43982.961654663086,200,-,333,
tts_047_echo_p08.wav,17.3126875,43982.872009277344,200,-,299,
tts_048_echo_p09.wav,16.246,44077.253103256226,200,-,320,
tts_049_echo_p10.wav,21.035375,44146.96645736694,200,-,351,
tts_050_echo_p11.wav,16.898,44102.4968624115,200,-,325,
tts_051_echo_p12.wav,20.8006875,44181.95605278015,200,-,336,
tts_052_echo_p13.wav,25.302,44230.34381866455,200,-,392,
tts_053_echo_p14.wav,19.499375,44124.45402145386,200,-,363,
tts_054_echo_p15.wav,19.499375,44350.62623023987,200,-,375,
tts_055_echo_p16.wav,16.854,44254.07838821411,200,-,331,
tts_056_echo_p17.wav,20.843375,44302.526235580444,200,-,356,
tts_057_echo_p18.wav,18.059375,44208.49275588989,200,-,345,
tts_058_echo_p19.wav,21.314,44181.4706325531,200,-,335,
tts_059_echo_p20.wav,17.7286875,44393.84365081787,200,-,333,
tts_060_echo_p21.wav,16.203375,44328.436613082886,200,-,315,
tts_061_echo_p22.wav,14.486,44293.774127960205,200,-,281,
tts_062_echo_p23.wav,16.0646875,44370.03993988037,200,-,273,
tts_063_echo_p24.wav,19.499375,44435.53590774536,200,-,306,
tts_064_echo_p25.wav,18.8486875,44532.8848361969,200,-,376,
tts_065_echo_p26.wav,21.078,44554.61311340332,200,-,358,
tts_066_echo_p27.wav,14.902,44461.43984794617,200,-,285,
tts_067_echo_p28.wav,17.174,44511.90090179443,200,-,321,
tts_068_echo_p29.wav,14.21,44482.58352279663,200,-,287,
tts_069_echo_p30.wav,19.499375,44616.71042442322,200,-,339,
tts_070_echo_p31.wav,18.667375,44608.638286590576,200,-,345,
tts_071_echo_p32.wav,14.5286875,44584.57088470459,200,-,265,
tts_072_echo_p33.wav,16.994,44684.688091278076,200,-,292,
tts_073_echo_p34.wav,16.854,44734.8906993866,200,-,314,
tts_074_echo_p35.wav,15.275375,44667.049169540405,200,-,306,
tts_075_echo_p36.wav,15.9686875,44711.18903160095,200,-,306,
tts_076_echo_p37.wav,17.451375,44853.74331474304,200,-,320,
tts_077_echo_p38.wav,16.5766875,44759.90271568298,200,-,291,
tts_078_echo_p39.wav,15.499375,44779.717445373535,200,-,277,
tts_079_echo_p40.wav,15.65,44802.83045768738,200,-,281,
tts_080_fable_p01.wav,19.499375,44828.86600494385,200,-,352,
tts_081_fable_p02.wav,21.078,45018.62192153931,200,-,319,
tts_082_fable_p03.wav,21.91,44899.23882484436,200,-,329,
tts_083_fable_p04.wav,16.619375,44875.64563751221,200,-,339,
tts_084_fable_p05.wav,13.323375,44919.23141479492,200,-,275,
tts_085_fable_p06.wav,19.542,44997.28059768677,200,-,324,
tts_086_fable_p07.wav,19.915375,44945.4243183136,200,-,336,
tts_087_fable_p08.wav,18.198,44953.34005355835,200,-,301,
tts_088_fable_p09.wav,20.246,45043.5631275177,200,-,320,
tts_089_fable_p10.wav,20.8966875,45112.36238479614,200,-,351,
tts_090_fable_p11.wav,15.83,45064.977169036865,200,-,325,
tts_091_fable_p12.wav,19.595375,45137.00032234192,200,-,336,
tts_092_fable_p13.wav,24.7046875,45161.10277175903,200,-,392,
tts_093_fable_p14.wav,19.819375,45086.83657646179,200,-,364,
tts_094_fable_p15.wav,23.819375,45205.54876327515,200,-,374,
tts_095_fable_p16.wav,20.0966875,45184.52858924866,200,-,331,
tts_096_fable_p17.wav,27.435375,45494.324922561646,200,-,433,
tts_097_fable_p18.wav,18.987375,45231.49108886719,200,-,345,
tts_098_fable_p19.wav,18.806,45249.88317489624,200,-,335,
tts_099_fable_p20.wav,20.662,45298.205852508545,200,-,333,
tts_100_fable_p21.wav,17.366,45273.42438697815,200,-,315,
tts_101_fable_p22.wav,16.15,45324.379205703735,200,-,282,
tts_102_fable_p23.wav,16.342,45348.85859489441,200,-,273,
tts_103_fable_p24.wav,21.91,45371.524810791016,200,-,306,
tts_104_fable_p25.wav,21.314,45501.43218040466,200,-,376,
tts_105_fable_p26.wav,22.699375,45470.102310180664,200,-,356,
tts_106_fable_p27.wav,14.21,45398.95939826965,200,-,285,
tts_107_fable_p28.wav,18.155375,45444.33808326721,200,-,319,
tts_108_fable_p29.wav,14.763375,45419.75426673889,200,-,287,
tts_109_fable_p30.wav,18.059375,45577.13508605957,200,-,340,
tts_110_fable_p31.wav,19.915375,45577.01897621155,200,-,345,
tts_111_fable_p32.wav,22.614,45541.226625442505,200,-,265,
tts_112_fable_p33.wav,16.438,45650.614738464355,200,-,292,
tts_113_fable_p34.wav,20.0966875,45685.084104537964,200,-,314,
tts_114_fable_p35.wav,16.246,45602.02121734619,200,-,307,
tts_115_fable_p36.wav,15.65,45650.418519973755,200,-,306,
tts_116_fable_p37.wav,21.6326875,45852.7934551239,200,-,320,
tts_117_fable_p38.wav,18.0166875,45684.75079536438,200,-,291,
tts_118_fable_p39.wav,16.203375,45712.54110336304,200,-,277,
tts_119_fable_p40.wav,18.102,45753.96823883057,200,-,279,
tts_120_nova_p01.wav,19.083375,45798.93398284912,200,-,352,
tts_121_nova_p02.wav,19.874,45973.70147705078,200,-,320,
tts_122_nova_p03.wav,19.4566875,45852.44107246399,200,-,328,
tts_123_nova_p04.wav,18.614,45819.61488723755,200,-,339,
tts_124_nova_p05.wav,14.018,45899.05381202698,200,-,276,
tts_125_nova_p06.wav,18.8486875,45965.766191482544,200,-,326,
tts_126_nova_p07.wav,19.682,45939.85366821289,200,-,336,
tts_127_nova_p08.wav,20.011375,45920.146465301514,200,-,299,
tts_128_nova_p09.wav,20.15,46025.99000930786,200,-,321,
tts_129_nova_p10.wav,21.451375,46070.67894935608,200,-,351,
tts_130_nova_p11.wav,19.2646875,46048.54679107666,200,-,326,
tts_131_nova_p12.wav,19.915375,46120.829820632935,200,-,336,
tts_132_nova_p13.wav,24.651375,46146.81959152222,200,-,392,
tts_133_nova_p14.wav,22.838,46097.50723838806,200,-,364,
tts_134_nova_p15.wav,20.939375,46186.63763999939,200,-,373,
tts_135_nova_p16.wav,18.71,46186.54370307922,200,-,330,
tts_136_nova_p17.wav,21.122,46276.108264923096,200,-,356,
tts_137_nova_p18.wav,21.035375,46218.9576625824,200,-,345,
tts_138_nova_p19.wav,20.47,46218.87755393982,200,-,335,
tts_139_nova_p20.wav,18.475375,46323.53210449219,200,-,333,
tts_140_nova_p21.wav,19.819375,46248.22163581848,200,-,315,
tts_141_nova_p22.wav,16.15,46269.87648010254,200,-,282,
tts_142_nova_p23.wav,16.715375,46385.16306877136,200,-,274,
tts_143_nova_p24.wav,19.915375,46410.69221496582,200,-,306,
tts_144_nova_p25.wav,21.078,46541.86797142029,200,-,376,
tts_145_nova_p26.wav,19.915375,46569.65231895447,200,-,357,
tts_146_nova_p27.wav,16.994,46436.81883811951,200,-,285,
tts_147_nova_p28.wav,18.667375,46488.2550239563,200,-,320,
tts_148_nova_p29.wav,16.758,46436.68532371521,200,-,287,
tts_149_nova_p30.wav,20.8006875,46620.575189590454,200,-,339,
tts_150_nova_p31.wav,20.1926875,46620.506048202515,200,-,345,
tts_151_nova_p32.wav,21.174,46516.51096343994,200,-,265,
tts_152_nova_p33.wav,17.4086875,46675.63033103943,200,-,292,
tts_153_nova_p34.wav,20.8006875,46710.962533950806,200,-,314,
tts_154_nova_p35.wav,18.667375,46569.01001930237,200,-,305,
tts_155_nova_p36.wav,16.758,46675.44603347778,200,-,306,
tts_156_nova_p37.wav,18.806,46851.97639465332,200,-,320,
tts_157_nova_p38.wav,18.059375,46705.17992973328,200,-,291,
tts_158_nova_p39.wav,16.619375,46776.73244476318,200,-,277,
tts_159_nova_p40.wav,19.778,46799.981355667114,200,-,280,
tts_000_alloy_p01.wav,21.7286875,46827.32844352722,200,-,352,
tts_001_alloy_p02.wav,19.595375,46944.46063041687,200,-,319,
tts_002_alloy_p03.wav,17.547375,46918.57361793518,200,-,329,
tts_003_alloy_p04.wav,20.15,46896.31128311157,200,-,339,
tts_004_alloy_p05.wav,14.155375,46875.90026855469,200,-,273,
tts_005_alloy_p06.wav,20.7046875,46966.43948554993,200,-,324,
tts_006_alloy_p07.wav,23.2646875,47014.19639587402,200,-,335,
tts_007_alloy_p08.wav,24.7046875,46992.09523200989,200,-,299,
tts_008_alloy_p09.wav,18.475375,47044.214963912964,200,-,320,
tts_009_alloy_p10.wav,23.627375,47115.86809158325,200,-,351,
tts_010_alloy_p11.wav,17.643375,47068.756341934204,200,-,325,
tts_011_alloy_p12.wav,20.47,47141.969442367554,200,-,337,
tts_012_alloy_p13.wav,24.982,47267.035245895386,200,-,423,
tts_013_alloy_p14.wav,21.867375,47091.79329872131,200,-,364,
tts_014_alloy_p15.wav,23.542,47239.683389663696,200,-,374,
tts_015_alloy_p16.wav,20.0966875,47217.4015045166,200,-,332,
tts_016_alloy_p17.wav,24.4166875,47266.80898666382,200,-,356,
tts_017_alloy_p18.wav,23.958,47170.958042144775,200,-,346,
tts_018_alloy_p19.wav,20.246,47170.913219451904,200,-,335,
tts_019_alloy_p20.wav,20.7046875,47347.5079536438,200,-,333,
tts_020_alloy_p21.wav,20.6086875,47317.829608917236,200,-,316,
tts_021_alloy_p22.wav,18.198,47296.24700546265,200,-,282,
tts_022_alloy_p23.wav,20.939375,47347.28217124939,200,-,274,
tts_023_alloy_p24.wav,18.0166875,47441.94555282593,200,-,307,
tts_024_alloy_p25.wav,21.963375,47527.48107910156,200,-,376,
tts_025_alloy_p26.wav,23.0726875,47527.43363380432,200,-,356,
tts_026_alloy_p27.wav,16.2886875,47436.46597862244,200,-,285,
tts_027_alloy_p28.wav,23.723375,47495.4936504364,200,-,320,
tts_028_alloy_p29.wav,17.686,47413.61951828003,200,-,287,
tts_029_alloy_p30.wav,22.102,47598.2129573822,200,-,339,
tts_030_alloy_p31.wav,19.126,47620.28956413269,200,-,345,
tts_031_alloy_p32.wav,16.15,47557.02209472656,200,-,265,
tts_032_alloy_p33.wav,18.059375,47664.54291343689,200,-,292,
tts_033_alloy_p34.wav,18.71,47691.64443016052,200,-,314,
tts_034_alloy_p35.wav,19.874,47642.959117889404,200,-,306,
tts_035_alloy_p36.wav,19.499375,47714.08724784851,200,-,307,
tts_036_alloy_p37.wav,20.331375,47815.38105010986,200,-,320,
tts_037_alloy_p38.wav,16.662,47737.28084564209,200,-,291,
tts_038_alloy_p39.wav,14.9446875,47767.03071594238,200,-,277,
tts_039_alloy_p40.wav,20.7046875,47786.65566444397,200,-,280,
tts_040_echo_p01.wav,20.523375,47841.50433540344,200,-,352,
tts_041_echo_p02.wav,17.643375,47983.083963394165,200,-,319,
tts_042_echo_p03.wav,21.91,47885.92600822449,200,-,328,
tts_043_echo_p04.wav,18.242,47863.95478248596,200,-,339,
tts_044_echo_p05.wav,13.6006875,47907.61995315552,200,-,275,
tts_045_echo_p06.wav,20.747375,47977.623462677,200,-,323,
tts_046_echo_p07.wav,16.854,47955.75928688049,200,-,333,
tts_047_echo_p08.wav,17.3126875,47935.71662902832,200,-,299,
tts_048_echo_p09.wav,16.246,48035.367012023926,200,-,320,
tts_049_echo_p10.wav,21.035375,48105.92722892761,200,-,351,
tts_050_echo_p11.wav,16.898,48062.59775161743,200,-,325,
tts_051_echo_p12.wav,20.8006875,48131.79636001587,200,-,336,
tts_052_echo_p13.wav,25.302,48155.73501586914,200,-,392,
tts_053_echo_p14.wav,19.499375,48080.443143844604,200,-,363,
tts_054_echo_p15.wav,19.499375,48279.168128967285,200,-,375,
tts_055_echo_p16.wav,16.854,48211.416721343994,200,-,331,
tts_056_echo_p17.wav,20.843375,48251.21879577637,200,-,356,
tts_057_echo_p18.wav,18.059375,48160.558223724365,200,-,345,
tts_058_echo_p19.wav,21.314,48188.92049789429,200,-,335,
tts_059_echo_p20.wav,17.7286875,48371.27995491028,200,-,333,
tts_060_echo_p21.wav,16.203375,48306.84590339661,200,-,315,
tts_061_echo_p22.wav,14.486,48273.67281913757,200,-,281,
tts_062_echo_p23.wav,16.0646875,48347.0458984375,200,-,273,
tts_063_echo_p24.wav,19.499375,48393.39256286621,200,-,306,
tts_064_echo_p25.wav,18.8486875,48495.05543708801,200,-,376,
tts_065_echo_p26.wav,21.078,48517.0636177063,200,-,358,
tts_066_echo_p27.wav,14.902,48419.2419052124,200,-,285,
tts_067_echo_p28.wav,17.174,48468.89519691467,200,-,321,
tts_068_echo_p29.wav,14.21,48441.16187095642,200,-,287,
tts_069_echo_p30.wav,19.499375,48573.69256019592,200,-,339,
tts_070_echo_p31.wav,18.667375,48568.605184555054,200,-,345,
tts_071_echo_p32.wav,14.5286875,48547.23119735718,200,-,265,
tts_072_echo_p33.wav,16.994,48644.35005187988,200,-,292,
tts_073_echo_p34.wav,16.854,48692.44146347046,200,-,314,
tts_074_echo_p35.wav,15.275375,48622.907400131226,200,-,306,
tts_075_echo_p36.wav,15.9686875,48669.93236541748,200,-,306,
tts_076_echo_p37.wav,17.451375,48812.75200843811,200,-,320,
tts_077_echo_p38.wav,16.5766875,48715.48056602478,200,-,291,
tts_078_echo_p39.wav,15.499375,48739.06421661377,200,-,277,
tts_079_echo_p40.wav,15.65,48763.858795166016,200,-,281,
tts_080_fable_p01.wav,19.499375,48787.43934631348,200,-,352,
tts_081_fable_p02.wav,21.078,48978.90090942383,200,-,319,
tts_082_fable_p03.wav,21.91,48858.68740081787,200,-,329,
tts_083_fable_p04.wav,16.619375,48834.123849868774,200,-,339,
tts_084_fable_p05.wav,13.323375,48880.70559501648,200,-,275,
tts_085_fable_p06.wav,19.542,48956.25400543213,200,-,324,
tts_086_fable_p07.wav,19.915375,48910.37678718567,200,-,336,
tts_087_fable_p08.wav,18.198,48910.298347473145,200,-,301,
tts_088_fable_p09.wav,20.246,49004.958629608154,200,-,320,
tts_089_fable_p10.wav,20.8966875,49072.61943817139,200,-,351,
tts_090_fable_p11.wav,15.83,49025.16531944275,200,-,325,
tts_091_fable_p12.wav,19.595375,49101.438999176025,200,-,336,
tts_092_fable_p13.wav,24.7046875,49125.399112701416,200,-,392,
tts_093_fable_p14.wav,19.819375,49048.90275001526,200,-,364,
tts_094_fable_p15.wav,23.819375,49169.18063163757,200,-,374,
tts_095_fable_p16.wav,20.0966875,49146.0702419281,200,-,331,
tts_096_fable_p17.wav,27.435375,49461.408376693726,200,-,433,
tts_097_fable_p18.wav,18.987375,49190.36531448364,200,-,345,
tts_098_fable_p19.wav,18.806,49212.38160133362,200,-,335,
tts_099_fable_p20.wav,20.662,49258.787631988525,200,-,333,
tts_100_fable_p21.wav,17.366,49234.5757484436,200,-,315,
tts_101_fable_p22.wav,16.15,49283.20503234863,200,-,282,
tts_102_fable_p23.wav,16.342,49310.95337867737,200,-,273,
tts_103_fable_p24.wav,21.91,49337.17918395996,200,-,306,
tts_104_fable_p25.wav,21.314,49460.88457107544,200,-,376,
tts_105_fable_p26.wav,22.699375,49433.586835861206,200,-,356,
tts_106_fable_p27.wav,14.21,49359.19976234436,200,-,285,
tts_107_fable_p28.wav,18.155375,49407.42015838623,200,-,319,
tts_108_fable_p29.wav,14.763375,49382.200717926025,200,-,287,
tts_109_fable_p30.wav,18.059375,49536.064863204956,200,-,340,
tts_110_fable_p31.wav,19.915375,49548.36440086365,200,-,345,
tts_111_fable_p32.wav,22.614,49504.97245788574,200,-,265,
tts_112_fable_p33.wav,16.438,49626.19209289551,200,-,292,
tts_113_fable_p34.wav,20.0966875,49654.754877090454,200,-,314,
tts_114_fable_p35.wav,16.246,49548.123836517334,200,-,307,
tts_115_fable_p36.wav,15.65,49625.921964645386,200,-,306,
tts_116_fable_p37.wav,21.6326875,49815.72723388672,200,-,320,
tts_117_fable_p38.wav,18.0166875,49677.024841308594,200,-,291,
tts_118_fable_p39.wav,16.203375,49699.244260787964,200,-,277,
tts_119_fable_p40.wav,18.102,49723.596811294556,200,-,279,
tts_120_nova_p01.wav,19.083375,49767.31467247009,200,-,352,
tts_121_nova_p02.wav,19.874,49940.71054458618,200,-,320,
tts_122_nova_p03.wav,19.4566875,49810.68015098572,200,-,328,
tts_123_nova_p04.wav,18.614,49789.942026138306,200,-,339,
tts_124_nova_p05.wav,14.018,49866.78123474121,200,-,276,
tts_125_nova_p06.wav,18.8486875,49940.47713279724,200,-,326,
tts_126_nova_p07.wav,19.682,49910.00175476074,200,-,336,
tts_127_nova_p08.wav,20.011375,49886.57855987549,200,-,299,
tts_128_nova_p09.wav,20.15,49990.0279045105,200,-,321,
tts_129_nova_p10.wav,21.451375,50035.40301322937,200,-,351,
tts_130_nova_p11.wav,19.2646875,50010.75530052185,200,-,326,
tts_131_nova_p12.wav,19.915375,50085.55483818054,200,-,336,
tts_132_nova_p13.wav,24.651375,50114.829778671265,200,-,392,
tts_133_nova_p14.wav,22.838,50061.524868011475,200,-,364,
tts_134_nova_p15.wav,20.939375,50175.50301551819,200,-,373,
tts_135_nova_p16.wav,18.71,50148.26250076294,200,-,330,
tts_136_nova_p17.wav,21.122,50242.746114730835,200,-,356,
tts_137_nova_p18.wav,21.035375,50175.20546913147,200,-,345,
tts_138_nova_p19.wav,20.47,50179.550886154175,200,-,335,
tts_139_nova_p20.wav,18.475375,50289.41321372986,200,-,333,
tts_140_nova_p21.wav,19.819375,50214.96629714966,200,-,315,
tts_141_nova_p22.wav,16.15,50237.75792121887,200,-,282,
tts_142_nova_p23.wav,16.715375,50351.58610343933,200,-,274,
tts_143_nova_p24.wav,19.915375,50385.05220413208,200,-,306,
tts_144_nova_p25.wav,21.078,50518.630504608154,200,-,376,
tts_145_nova_p26.wav,19.915375,50514.326333999634,200,-,357,
tts_146_nova_p27.wav,16.994,50384.878158569336,200,-,285,
tts_147_nova_p28.wav,18.667375,50462.6829624176,200,-,320,
tts_148_nova_p29.wav,16.758,50384.71221923828,200,-,287,
tts_149_nova_p30.wav,20.8006875,50596.97699546814,200,-,339,
tts_150_nova_p31.wav,20.1926875,50596.88401222229,200,-,345,
tts_151_nova_p32.wav,21.174,50488.60287666321,200,-,265,
tts_152_nova_p33.wav,17.4086875,50648.895502090454,200,-,292,
tts_153_nova_p34.wav,20.8006875,50679.42309379578,200,-,314,
tts_154_nova_p35.wav,18.667375,50551.86748504639,200,-,305,
tts_155_nova_p36.wav,16.758,50648.64730834961,200,-,306,
tts_156_nova_p37.wav,18.806,50818.681478500366,200,-,320,
tts_157_nova_p38.wav,18.059375,50702.019929885864,200,-,291,
tts_158_nova_p39.wav,16.619375,50740.80538749695,200,-,277,
tts_159_nova_p40.wav,19.778,50763.85807991028,200,-,280,
tts_000_alloy_p01.wav,21.7286875,50790.00425338745,200,-,352,
tts_001_alloy_p02.wav,19.595375,50921.417236328125,200,-,319,
tts_002_alloy_p03.wav,17.547375,50869.524002075195,200,-,329,
tts_003_alloy_p04.wav,20.15,50865.331411361694,200,-,339,
tts_004_alloy_p05.wav,14.155375,50840.71755409241,200,-,273,
tts_005_alloy_p06.wav,20.7046875,50943.08543205261,200,-,324,
tts_006_alloy_p07.wav,23.2646875,50989.66121673584,200,-,335,
tts_007_alloy_p08.wav,24.7046875,50968.38283538818,200,-,299,
tts_008_alloy_p09.wav,18.475375,51022.69196510315,200,-,320,
tts_009_alloy_p10.wav,23.627375,51088.576793670654,200,-,351,
tts_010_alloy_p11.wav,17.643375,51041.46766662598,200,-,325,
tts_011_alloy_p12.wav,20.47,51115.824937820435,200,-,337,
tts_012_alloy_p13.wav,24.982,51215.72041511536,200,-,423,
tts_013_alloy_p14.wav,21.867375,51065.035581588745,200,-,364,
tts_014_alloy_p15.wav,23.542,51215.61932563782,200,-,374,
tts_015_alloy_p16.wav,20.0966875,51189.29958343506,200,-,332,
tts_016_alloy_p17.wav,24.4166875,51242.621183395386,200,-,356,
tts_017_alloy_p18.wav,23.958,51165.761947631836,200,-,346,
tts_018_alloy_p19.wav,20.246,51141.58535003662,200,-,335,
tts_019_alloy_p20.wav,20.7046875,51313.368797302246,200,-,333,
tts_020_alloy_p21.wav,20.6086875,51287.262201309204,200,-,316,
tts_021_alloy_p22.wav,18.198,51264.62411880493,200,-,282,
tts_022_alloy_p23.wav,20.939375,51309.175968170166,200,-,274,
tts_023_alloy_p24.wav,18.0166875,51390.568017959595,200,-,307,
tts_024_alloy_p25.wav,21.963375,51494.8046207428,200,-,376,
tts_025_alloy_p26.wav,23.0726875,51542.845487594604,200,-,356,
tts_026_alloy_p27.wav,16.2886875,51386.38997077942,200,-,285,
tts_027_alloy_p28.wav,23.723375,51474.72524642944,200,-,320,
tts_028_alloy_p29.wav,17.686,51390.238761901855,200,-,287,
tts_029_alloy_p30.wav,22.102,51566.219329833984,200,-,339,
tts_030_alloy_p31.wav,19.126,51584.50722694397,200,-,345,
tts_031_alloy_p32.wav,16.15,51517.794370651245,200,-,265,
tts_032_alloy_p33.wav,18.059375,51631.38198852539,200,-,292,
tts_033_alloy_p34.wav,18.71,51657.41777420044,200,-,314,
tts_034_alloy_p35.wav,19.874,51609.84015464783,200,-,306,
tts_035_alloy_p36.wav,19.499375,51679.96144294739,200,-,307,
tts_036_alloy_p37.wav,20.331375,51780.266523361206,200,-,320,
tts_037_alloy_p38.wav,16.662,51702.82316207886,200,-,291,
tts_038_alloy_p39.wav,14.9446875,51727.96034812927,200,-,277,
tts_039_alloy_p40.wav,20.7046875,51750.043869018555,200,-,280,
tts_040_echo_p01.wav,20.523375,51801.926374435425,200,-,352,
tts_041_echo_p02.wav,17.643375,51960.00552177429,200,-,319,
tts_042_echo_p03.wav,21.91,51850.35228729248,200,-,328,
tts_043_echo_p04.wav,18.242,51828.18555831909,200,-,339,
tts_044_echo_p05.wav,13.6006875,51871.95825576782,200,-,275,
tts_045_echo_p06.wav,20.747375,51959.6905708313,200,-,323,
tts_046_echo_p07.wav,16.854,51903.892278671265,200,-,333,
tts_047_echo_p08.wav,17.3126875,51903.81050109863,200,-,299,
tts_048_echo_p09.wav,16.246,52013.137102127075,200,-,320,
tts_049_echo_p10.wav,21.035375,52079.74815368652,200,-,351,
tts_050_echo_p11.wav,16.898,52032.20248222351,200,-,325,
tts_051_echo_p12.wav,20.8006875,52105.586767196655,200,-,336,
tts_052_echo_p13.wav,25.302,52133.70656967163,200,-,392,
tts_053_echo_p14.wav,19.499375,52054.16178703308,200,-,363,
tts_054_echo_p15.wav,19.499375,52262.97473907471,200,-,375,
tts_055_echo_p16.wav,16.854,52186.36655807495,200,-,331,
tts_056_echo_p17.wav,20.843375,52234.13443565369,200,-,356,
tts_057_echo_p18.wav,18.059375,52128.358364105225,200,-,345,
tts_058_echo_p19.wav,21.314,52163.830280303955,200,-,335,
tts_059_echo_p20.wav,17.7286875,52342.695474624634,200,-,333,
tts_060_echo_p21.wav,16.203375,52262.49933242798,200,-,315,
tts_061_echo_p22.wav,14.486,52233.71958732605,200,-,281,
tts_062_echo_p23.wav,16.0646875,52342.556953430176,200,-,273,
tts_063_echo_p24.wav,19.499375,52386.961460113525,200,-,306,
tts_064_echo_p25.wav,18.8486875,52489.123582839966,200,-,376,
tts_065_echo_p26.wav,21.078,52510.01787185669,200,-,358,
tts_066_echo_p27.wav,14.902,52413.55800628662,200,-,285,
tts_067_echo_p28.wav,17.174,52467.56839752197,200,-,321,
tts_068_echo_p29.wav,14.21,52441.19310379028,200,-,287,
tts_069_echo_p30.wav,19.499375,52563.78531455994,200,-,339,
tts_070_echo_p31.wav,18.667375,52568.44639778137,200,-,345,
tts_071_echo_p32.wav,14.5286875,52538.583517074585,200,-,265,
tts_072_echo_p33.wav,16.994,52639.49227333069,200,-,292,
tts_073_echo_p34.wav,16.854,52686.657667160034,200,-,314,
tts_074_echo_p35.wav,15.275375,52620.007276535034,200,-,306,
tts_075_echo_p36.wav,15.9686875,52662.78648376465,200,-,306,
tts_076_echo_p37.wav,17.451375,52809.23247337341,200,-,320,
tts_077_echo_p38.wav,16.5766875,52709.261894226074,200,-,291,
tts_078_echo_p39.wav,15.499375,52731.91261291504,200,-,277,
tts_079_echo_p40.wav,15.65,52756.89339637756,200,-,281,
tts_080_fable_p01.wav,19.499375,52781.92353248596,200,-,352,
tts_081_fable_p02.wav,21.078,52970.505714416504,200,-,319,
tts_082_fable_p03.wav,21.91,52856.65011405945,200,-,329,
tts_083_fable_p04.wav,16.619375,52832.23652839661,200,-,339,
tts_084_fable_p05.wav,13.323375,52872.06721305847,200,-,275,
tts_085_fable_p06.wav,19.542,52948.880672454834,200,-,324,
tts_086_fable_p07.wav,19.915375,52900.678396224976,200,-,336,
tts_087_fable_p08.wav,18.198,52900.59161186218,200,-,301,
tts_088_fable_p09.wav,20.246,52998.536825180054,200,-,320,
tts_089_fable_p10.wav,20.8966875,53066.258907318115,200,-,351,
tts_090_fable_p11.wav,15.83,53017.71545410156,200,-,325,
tts_091_fable_p12.wav,19.595375,53090.89994430542,200,-,336,
tts_092_fable_p13.wav,24.7046875,53115.724086761475,200,-,392,
tts_093_fable_p14.wav,19.819375,53043.23720932007,200,-,364,
tts_094_fable_p15.wav,23.819375,53160.13050079346,200,-,374,
tts_095_fable_p16.wav,20.0966875,53137.948751449585,200,-,331,
tts_096_fable_p17.wav,27.435375,53468.451499938965,200,-,433,
tts_097_fable_p18.wav,18.987375,53182.44767189026,200,-,345,
tts_098_fable_p19.wav,18.806,53203.545570373535,200,-,335,
tts_099_fable_p20.wav,20.662,53250.45418739319,200,-,333,
tts_100_fable_p21.wav,17.366,53226.83358192444,200,-,315,
tts_101_fable_p22.wav,16.15,53277.14467048645,200,-,282,
tts_102_fable_p23.wav,16.342,53300.78959465027,200,-,273,
tts_103_fable_p24.wav,21.91,53331.28476142883,200,-,306,
tts_104_fable_p25.wav,21.314,53448.479413986206,200,-,376,
tts_105_fable_p26.wav,22.699375,53426.38540267944,200,-,356,
tts_106_fable_p27.wav,14.21,53355.87382316589,200,-,285,
tts_107_fable_p28.wav,18.155375,53399.31058883667,200,-,319,
tts_108_fable_p29.wav,14.763375,53378.97038459778,200,-,287,
tts_109_fable_p30.wav,18.059375,53517.80319213867,200,-,340,
tts_110_fable_p31.wav,19.915375,53522.132396698,200,-,345,
tts_111_fable_p32.wav,22.614,53495.336055755615,200,-,265,
tts_112_fable_p33.wav,16.438,53601.15098953247,200,-,292,
tts_113_fable_p34.wav,20.0966875,53628.35240364075,200,-,314,
tts_114_fable_p35.wav,16.246,53551.33032798767,200,-,307,
tts_115_fable_p36.wav,15.65,53600.990533828735,200,-,306,
tts_116_fable_p37.wav,21.6326875,53790.55595397949,200,-,320,
tts_117_fable_p38.wav,18.0166875,53648.53000640869,200,-,291,
tts_118_fable_p39.wav,16.203375,53671.46325111389,200,-,277,
tts_119_fable_p40.wav,18.102,53693.23205947876,200,-,279,
tts_120_nova_p01.wav,19.083375,53737.24961280823,200,-,352,
tts_121_nova_p02.wav,19.874,53911.208391189575,200,-,320,
tts_122_nova_p03.wav,19.4566875,53790.127992630005,200,-,328,
tts_123_nova_p04.wav,18.614,53763.447523117065,200,-,339,
tts_124_nova_p05.wav,14.018,53839.338541030884,200,-,276,
tts_125_nova_p06.wav,18.8486875,53910.874366760254,200,-,326,
tts_126_nova_p07.wav,19.682,53883.548974990845,200,-,336,
tts_127_nova_p08.wav,20.011375,53861.2596988678,200,-,299,
tts_128_nova_p09.wav,20.15,53965.41380882263,200,-,321,
tts_129_nova_p10.wav,21.451375,54011.31749153137,200,-,351,
tts_130_nova_p11.wav,19.2646875,53987.34951019287,200,-,326,
tts_131_nova_p12.wav,19.915375,54060.187339782715,200,-,336,
tts_132_nova_p13.wav,24.651375,54086.403369903564,200,-,392,
tts_133_nova_p14.wav,22.838,54035.76469421387,200,-,364,
tts_134_nova_p15.wav,20.939375,54142.60172843933,200,-,373,
tts_135_nova_p16.wav,18.71,54116.02783203125,200,-,330,
tts_136_nova_p17.wav,21.122,54231.45341873169,200,-,356,
tts_137_nova_p18.wav,21.035375,54138.2999420166,200,-,345,
tts_138_nova_p19.wav,20.47,54146.3520526886,200,-,335,
tts_139_nova_p20.wav,18.475375,54259.7451210022,200,-,333,
tts_140_nova_p21.wav,19.819375,54185.771226882935,200,-,315,
tts_141_nova_p22.wav,16.15,54231.06408119202,200,-,282,
tts_142_nova_p23.wav,16.715375,54324.156522750854,200,-,274,
tts_143_nova_p24.wav,19.915375,54346.25267982483,200,-,306,
tts_144_nova_p25.wav,21.078,54475.64506530762,200,-,376,
tts_145_nova_p26.wav,19.915375,54496.113777160645,200,-,357,
tts_146_nova_p27.wav,16.994,54368.555784225464,200,-,285,
tts_147_nova_p28.wav,18.667375,54428.603410720825,200,-,320,
tts_148_nova_p29.wav,16.758,54372.45297431946,200,-,287,
tts_149_nova_p30.wav,20.8006875,54541.13817214966,200,-,339,
tts_150_nova_p31.wav,20.1926875,54545.01247406006,200,-,345,
tts_151_nova_p32.wav,21.174,54452.019691467285,200,-,265,
tts_152_nova_p33.wav,17.4086875,54595.35074234009,200,-,292,
tts_153_nova_p34.wav,20.8006875,54630.22303581238,200,-,314,
tts_154_nova_p35.wav,18.667375,54517.59481430054,200,-,305,
tts_155_nova_p36.wav,16.758,54598.97446632385,200,-,306,
tts_156_nova_p37.wav,18.806,54765.24543762207,200,-,320,
tts_157_nova_p38.wav,18.059375,54651.61871910095,200,-,291,
tts_158_nova_p39.wav,16.619375,54691.47992134094,200,-,277,
tts_159_nova_p40.wav,19.778,54717.28229522705,200,-,280,
tts_000_alloy_p01.wav,21.7286875,54740.76581001282,200,-,352,
tts_001_alloy_p02.wav,19.595375,54861.59372329712,200,-,319,
tts_002_alloy_p03.wav,17.547375,54833.518743515015,200,-,329,
tts_003_alloy_p04.wav,20.15,54811.30838394165,200,-,339,
tts_004_alloy_p05.wav,14.155375,54789.63541984558,200,-,273,
tts_005_alloy_p06.wav,20.7046875,54883.880853652954,200,-,324,
tts_006_alloy_p07.wav,23.2646875,54929.27026748657,200,-,335,
tts_007_alloy_p08.wav,24.7046875,54907.5722694397,200,-,299,
tts_008_alloy_p09.wav,18.475375,54959.41472053528,200,-,320,
tts_009_alloy_p10.wav,23.627375,55028.41901779175,200,-,351,
tts_010_alloy_p11.wav,17.643375,54981.18543624878,200,-,325,
tts_011_alloy_p12.wav,20.47,55054.35824394226,200,-,337,
tts_012_alloy_p13.wav,24.982,55160.59756278992,200,-,423,
tts_013_alloy_p14.wav,21.867375,55003.71789932251,200,-,364,
tts_014_alloy_p15.wav,23.542,55160.41016578674,200,-,374,
tts_015_alloy_p16.wav,20.0966875,55137.39776611328,200,-,332,
tts_016_alloy_p17.wav,24.4166875,55191.208839416504,200,-,356,
tts_017_alloy_p18.wav,23.958,55084.70106124878,200,-,346,
tts_018_alloy_p19.wav,20.246,55084.60521697998,200,-,335,
tts_019_alloy_p20.wav,20.7046875,55279.50620651245,200,-,333,
tts_020_alloy_p21.wav,20.6086875,55235.135555267334,200,-,316,
tts_021_alloy_p22.wav,18.198,55213.618993759155,200,-,282,
tts_022_alloy_p23.wav,20.939375,55256.911277770996,200,-,274,
tts_023_alloy_p24.wav,18.0166875,55328.02867889404,200,-,307,
tts_024_alloy_p25.wav,21.963375,55445.33967971802,200,-,376,
tts_025_alloy_p26.wav,23.0726875,55484.04145240784,200,-,356,
tts_026_alloy_p27.wav,16.2886875,55323.95434379578,200,-,285,
tts_027_alloy_p28.wav,23.723375,55418.60866546631,200,-,320,
tts_028_alloy_p29.wav,17.686,55331.24089241028,200,-,287,
tts_029_alloy_p30.wav,22.102,55507.67469406128,200,-,339,
tts_030_alloy_p31.wav,19.126,55530.10416030884,200,-,345,
tts_031_alloy_p32.wav,16.15,55461.24792098999,200,-,265,
tts_032_alloy_p33.wav,18.059375,55563.241720199585,200,-,292,
tts_033_alloy_p34.wav,18.71,55580.798864364624,200,-,314,
tts_034_alloy_p35.wav,19.874,55551.03635787964,200,-,306,
tts_035_alloy_p36.wav,19.499375,55580.69586753845,200,-,307,
tts_036_alloy_p37.wav,20.331375,55647.167682647705,200,-,320,
tts_037_alloy_p38.wav,16.662,55597.69153594971,200,-,291,
tts_038_alloy_p39.wav,14.9446875,55609.98725891113,200,-,277,
tts_039_alloy_p40.wav,20.7046875,55619.31610107422,200,-,280,
tts_040_echo_p01.wav,20.523375,55646.83938026428,200,-,352,
tts_041_echo_p02.wav,17.643375,55733.95133018494,200,-,319,
tts_042_echo_p03.wav,21.91,55678.751945495605,200,-,328,
tts_043_echo_p04.wav,18.242,55667.19961166382,200,-,339,
tts_044_echo_p05.wav,13.6006875,55691.08986854553,200,-,275,
tts_045_echo_p06.wav,20.747375,55741.902112960815,200,-,323,
tts_046_echo_p07.wav,16.854,55717.50259399414,200,-,333,
tts_047_echo_p08.wav,17.3126875,55708.34159851074,200,-,299,
tts_048_echo_p09.wav,16.246,55763.30351829529,200,-,320,
tts_049_echo_p10.wav,21.035375,55774.30462837219,200,-,351,
tts_050_echo_p11.wav,16.898,55771.467208862305,200,-,325,
tts_051_echo_p12.wav,20.8006875,55782.56058692932,200,-,336,
tts_052_echo_p13.wav,25.302,55795.97973823547,200,-,392,
tts_053_echo_p14.wav,19.499375,55768.66149902344,200,-,363,
tts_054_echo_p15.wav,19.499375,55822.721004486084,200,-,375,
tts_055_echo_p16.wav,16.854,55813.53139877319,200,-,331,
tts_056_echo_p17.wav,20.843375,55819.92506980896,200,-,356,
tts_057_echo_p18.wav,18.059375,55803.92789840698,200,-,345,
tts_058_echo_p19.wav,21.314,55808.40873718262,200,-,335,
tts_059_echo_p20.wav,17.7286875,55832.109212875366,200,-,333,
tts_060_echo_p21.wav,16.203375,55827.84342765808,200,-,315,
tts_061_echo_p22.wav,14.486,55824.83768463135,200,-,281,
tts_062_echo_p23.wav,16.0646875,55834.53822135925,200,-,273,
tts_063_echo_p24.wav,19.499375,55842.650175094604,200,-,306,
